Name,Common_name,Taxon_id,Latitude,Longitude,Group
Sagittaria montevidensis,Aztec arrowhead,1506725,49.5,-119.6,Vascular plants
Elodea bifoliata,two-leaf waterweed,76792,49.5,-119.6,Vascular plants
Angelica venenosa,hairy angelica,158382,49.5,-119.6,Vascular plants
Thaspium barbinode,Hairy-jointed Meadow-parsnip,169669,42.216644,-81.918091,Vascular plants
Panax quinquefolius,American ginseng,116333,45.387562,-75.814316,Vascular plants
Sisyrinchium fuscatum,Coastal Plain Blue-eyed Grass,169019,49.5,-119.6,Vascular plants
Platanthera ciliaris,orange-fringed orchid,167016,49.5,-119.6,Vascular plants
Artemisia comata,,,49.5,-119.6,Vascular plants
Ericameria bloomeri,Bloomer's goldenbush,76879,49.012056,-118.908194,Vascular plants
Erigeron alpiniformis,Alpine Fleabane,162443,49.5,-119.6,Vascular plants
Erigeron leibergii,Leiberg's Fleabane,162496,49.076389,-120.179167,Vascular plants
Erigeron muirii,Muir's Fleabane,162504,49.5,-119.6,Vascular plants
Helianthus occidentalis,fewleaf sunflower,163623,49.5,-119.6,Vascular plants
Lactuca ludoviciana,Western Lettuce,53111,49.854556,-115.643056,Vascular plants
Lasthenia glaberrima,smooth goldfields,60137,49.5,-119.6,Vascular plants
Senecio hydrophilus,water ragwort,64165,49.5,-119.6,Vascular plants
Solidago jejunifolia,long-petioled showy goldenrod,1147345,49.207167,-96.943194,Vascular plants
Symphyotrichum hendersonii,Henderson's aster,79300,49.029167,-116.930278,Vascular plants
Downingia elegans,Californian Lobelia,76681,49.156667,-116.6275,Vascular plants
Amsinckia lycopsoides,tarweed fiddleneck,58048,49.386472,-119.583056,Vascular plants
Andersonglossum virginianum,wild comfrey,769248,46.263451,-83.846946,Vascular plants
Cryptantha watsonii,Watson's Cryptantha,76535,49.233333,-119.8,Vascular plants
Eritrichium arctisibiricum,,769769,69.16464,-140.17076,Vascular plants
Eritrichium grandiflorum,,769788,67.003611,-140.849107,Vascular plants
Hackelia ciliata,Okanogan Stickseed,163486,49.074118,-119.009417,Vascular plants
Lappula diploloma,,770250,50.533333,-121.283333,Vascular plants
Arabis adpressipilis,,,42.297521,-81.845153,Vascular plants
Boechera cascadensis,Littleleaf Rockcress,359612,49.234175,-120.181917,Vascular plants
Boechera macounii,Macoun's rockcress,359543,55.627483,-121.816567,Vascular plants
Boechera polyantha,many-flowered rockcress,359639,49.629556,-119.599611,Vascular plants
Braya linearis,Narrow-fruit Rockcress,359649,49.5,-119.6,Vascular plants
Cardamine occidentalis,Western Bittercress,76003,49.5,-119.6,Vascular plants
Descurainia nelsonii,Nelson's Tansymustard,76645,49.693889,-115.6875,Vascular plants
Draba arctogena,Fell-field Whitlow-grass,162004,49.5,-119.6,Vascular plants
Draba bennettii,Bennett's Draba,453720,60.627242,-137.926758,Vascular plants
Draba caswellii,Caswell's Draba,453721,49.5,-119.6,Vascular plants
Draba chamissonis,Cape Thompson Whitlow-grass,162013,53.266667,-132.233333,Vascular plants
Draba franktonii,Frankton's Draba,458743,49.5,-119.6,Vascular plants
Draba kluanei,Kluane Draba,162035,49.5,-119.6,Vascular plants
Draba murrayi,Murray's Whitlow-grass,162043,65.0,-141.0,Vascular plants
Draba puvirnituqii,Puvirnituq Mountain Draba,458953,49.5,-119.6,Vascular plants
Draba ruaxes,coast mountain draba,162061,49.5,-119.6,Vascular plants
Draba thompsonii,Thompson's draba,458744,59.005278,-125.5025,Vascular plants
Rorippa alpina,alpine yellowcress,167956,49.22211,-121.92245,Vascular plants
Rorippa calycina,Persistent-sepal Yellowcress,167959,49.5,-119.6,Vascular plants
Rorippa tenerrima,Slender Yellow-cress,54675,49.179444,-119.589722,Vascular plants
Thelypodium milleflorum,many-flowered thelypodium,79352,49.619361,-119.606111,Vascular plants
Atriplex nudicaulis,Baltic Saltbush,159082,49.5,-119.6,Vascular plants
Chenopodium hians,gaping goosefoot,76276,49.5,-119.6,Vascular plants
Chenopodium nitens,,607145,49.5,-119.6,Vascular plants
Corispermum pacificum,pacific bugseed,160913,49.21,-123.19,Vascular plants
Oxybasis chenopodioides,Low Goosefoot,896905,49.5,-119.6,Vascular plants
Cerastium fischerianum,Fischer's Chickweed,160336,52.7,-132.0,Vascular plants
Silene hitchguirei,mountain campion,543203,53.562311,-118.519652,Vascular plants
Silene sorensenis,Sorensen's Catchfly,168980,49.5,-119.6,Vascular plants
Calandrinia ciliata,fringed redmaids,489239,48.45565,-123.32592,Vascular plants
Montia diffusa,Diffuse Montia,78120,49.26075,-124.405056,Vascular plants
Polygonum humifusum,Alaska Knotweed,452707,69.2668,-132.956,Vascular plants
Polygonum oxyspermum,Sharp-fruited Knotweed,204386,46.136441,-61.4645,Vascular plants
Rumex sibiricus,Siberian Dock,168251,67.56767,-139.84297,Vascular plants
Rumex utahensis,,78912,49.5,-119.6,Vascular plants
Valeriana occidentalis,western valerian,79475,49.5,-119.6,Vascular plants
Impatiens aurella,Idaho Jewelweed,164052,49.000694,-116.499583,Vascular plants
Collomia tenella,slender collomia,76418,49.410139,-120.565917,Vascular plants
Gilia sinuata,rosy gilia,77276,49.5,-119.6,Vascular plants
Navarretia divaricata,mountain navarretia,52941,49.06666,-117.82,Vascular plants
Navarretia leucocephala,whitehead navarretia,60227,49.009722,-107.555139,Vascular plants
Phlox alaskensis,,,68.47603,-138.2518,Vascular plants
Phlox pilosa,prairie phlox,127020,42.685993,-82.401339,Vascular plants
Polemonium elegans,Elegant Polemonium,167160,49.01595,-121.22711,Vascular plants
Astragalus filipes,basalt milkvetch,75643,49.5,-119.6,Vascular plants
Astragalus gracilis,Slender Milkvetch,158901,49.5,-119.6,Vascular plants
Astragalus tenellus,,1554575,49.5,-119.6,Vascular plants
Desmodium marilandicum,,1593148,42.05,-82.583333,Vascular plants
Desmodium sessilifolium,sessileleaf ticktrefoil,146703,42.283333,-83.066667,Vascular plants
Lespedeza procumbens,trailing lespedeza,129555,49.5,-119.6,Vascular plants
Lupinus leucophyllus,Velvet Lupine,77871,50.25,-118.92,Vascular plants
Lupinus microcarpus,chick lupine,57069,49.5,-119.6,Vascular plants
Lupinus nanus,Sky Lupine,50612,49.5,-119.6,Vascular plants
Lupinus oreganus,Kincaid's Lupine,164915,49.5,-119.6,Vascular plants
Oxytropis mertensiana,Mertens' Crazyweed,166018,64.6,-138.256,Vascular plants
Trifolium reflexum,buffalo clover,129597,48.216667,-82.316667,Vascular plants
Vicia nigricans,Black Vetch,170213,49.48335,-124.69299,Vascular plants
Betula kenaica,,,62.69819,-137.23587,Vascular plants
Betula murrayana,Murray's Birch,159227,49.5,-119.6,Vascular plants
Sabatia angularis,Rosepink,84666,49.5,-119.6,Vascular plants
Galium brandegeei,,966276,49.5,-119.6,Vascular plants
Monardella odoratissima,mountain coyote mint,62678,49.5,-119.6,Vascular plants
Euphrasia vinacea,Glacier Eyebright,162869,49.5,-119.6,Vascular plants
Pedicularis pennellii,Pennell's lousewort,1045448,49.5,-119.6,Vascular plants
Erythranthe arvensis,Field Monkey-flower,771848,49.93,-120.63,Vascular plants
Erythranthe decora,Sharp-leaved Monkeyflower,771865,49.5,-119.6,Vascular plants
Veronica alpina,Alpine Speedwell,170185,62.4876,-127.267,Vascular plants
Chamaelirium luteum,devil's bit,122251,49.5,-119.6,Vascular plants
Elatine brachysperma,Shortseed Waterwort,76768,49.5,-119.6,Vascular plants
Elatine ojibwayensis,Ojibway Waterwort,162223,49.5,-119.6,Vascular plants
Elatine rubella,Southwestern Waterwort,60185,49.169444,-122.069444,Vascular plants
Salix sphenophylla,Wedgeleaf Willow,168362,68.87703,-140.3775,Vascular plants
Salix turnorii,Turnor's Willow,168366,49.5,-119.6,Vascular plants
Viola kitaibeliana,Dwarf Pansy,57634,49.5,-119.6,Vascular plants
Viola purpurea,Goosefoot violet,70391,49.5,-119.6,Vascular plants
Lechea minor,Thymeleaf Pinweed,164462,49.5,-119.6,Vascular plants
Epilobium mirabile,Olympic Mountain Willowherb,162363,49.5,-119.6,Vascular plants
Epilobium smithii,Smith's willowherb,1559064,49.186167,-125.268778,Vascular plants
Epilobium torreyi,Torrey's willowherb,58949,49.5,-119.6,Vascular plants
Nymphaea loriana,Lori's Water-lily,460139,49.5,-119.6,Vascular plants
Botrychium mormo,little goblin moonwort,159335,51.5,-120.13,Vascular plants
Bolboschoenus robustus,seacoast bulrush,75840,47.6,-65.65,Vascular plants
Carex bolanderi,Bolander's sedge,76018,50.04487,-125.50128,Vascular plants
Carex bonanzensis,Yukon Sedge,159893,49.5,-119.6,Vascular plants
Carex gmelinii,Gmelin's Sedge,159963,49.5,-119.6,Vascular plants
Carex holostoma,Arctic Marsh Sedge,159976,62.8833,-92.1359,Vascular plants
Carex jonesii,Jones' sedge,76060,49.5,-119.6,Vascular plants
Carex laxa,Weak Sedge,159996,62.22425,-140.6924,Vascular plants
Carex paysonis,Payson's sedge,160057,52.68347,-118.0484,Vascular plants
Carex rufina,snowbed sedge,160090,62.49694,-78.07778,Vascular plants
Carex simulata,Analogue Sedge,76109,51.860732,-115.102828,Vascular plants
Eleocharis fallax,creeping spikesedge,162243,49.5,-119.6,Vascular plants
Eleocharis suksdorfiana,Suksdorf's spikerush,76787,49.5,-119.6,Vascular plants
Fuirena pumila,Dwarf Umbrella-sedge,163117,49.5,-119.6,Vascular plants
Schoenoplectiella saximontana,rocky mountain bulrush,777356,49.003167,-119.401585,Vascular plants
Scirpus ancistrochaetus,northeastern bulrush,118746,49.5,-119.6,Vascular plants
Juncus haenkei,Haenke's Rush,164267,53.611111,-127.041111,Vascular plants
Juncus laccatus,shiny rush,77577,49.322917,-122.973333,Vascular plants
Juncus regelii,regel's rush,77591,49.027833,-114.431694,Vascular plants
Agrostis clavata,Clubbed Bent,158133,43.774725,-79.505,Vascular plants
Deschampsia alpina,Alpine Hairgrass,161695,60.416667,-64.833333,Vascular plants
Dichanthelium thermale,Geysers panicum,956608,49.5,-119.6,Vascular plants
Elymus scribneri,Scribner's Wheatgrass,76804,49.041333,-120.20325,Vascular plants
Festuca auriculata,Eared Fescue,162940,69.45,-140.03,Vascular plants
Festuca edlundiae,Arctic Fescue,162946,79.4167,-90.7704,Vascular plants
Festuca minutiflora,little fescue,77139,49.5,-119.6,Vascular plants
Festuca pseudovivipara,Haida Gwaii Fescue,1291892,53.266667,-132.566667,Vascular plants
Glyceria leptostachya,narrow manna grass,77292,48.891944,-123.576389,Vascular plants
Greeneochloa coarctata,Nuttall's Reedgrass,1303099,49.5,-119.6,Vascular plants
Melica fugax,little melic,77981,49.5,-119.6,Vascular plants
Phippsia concinna,Snow Grass,166676,72.4197,-77.4597,Vascular plants
Piptochaetium avenaceum,Blackseed Needlegrass,166900,49.5,-119.6,Vascular plants
Poa banffiana,Banff Bluegrass,1279950,49.5,-119.6,Vascular plants
Poa hartzii,Hartz's Bluegrass,140058,70.5423,-128.066,Vascular plants
Poa laxa,Mt. Washington Bluegrass,167091,49.5,-119.6,Vascular plants
Poa laxiflora,Loose-flower Bluegrass,167092,55.266667,-127.25,Vascular plants
Poa pseudoabbreviata,Polar Bluegrass,167101,59.866018,-136.688111,Vascular plants
Puccinellia angustata,Northern Alkali Grass,140061,49.5,-119.6,Vascular plants
Puccinellia banksiensis,Banks Island Alkali Grass,167576,49.5,-119.6,Vascular plants
Puccinellia bruggemannii,Prince Patrick Alkali Grass,167577,49.5,-119.6,Vascular plants
Puccinellia vahliana,Vahl's Alkali Grass,167595,63.7674,-68.5788,Vascular plants
Sibirotrisetum sibiricum,Siberian False Oats,1538856,69.167,-138.331,Vascular plants
Sphenopholis nitida,Shiny Wedgegrass,169247,49.5,-119.6,Vascular plants
Athyrium distentifolium,Alpine Lady-fern,75694,54.49175,-127.545306,Vascular plants
Papaver hultenii,Hultén's poppy,1500446,70.5122,-128.027,Vascular plants
Enemion savilei,Haida Gwaii false rue anemone,162323,52.573889,-131.754167,Vascular plants
Ranunculus arcticus,,1507254,49.5,-119.6,Vascular plants
Ranunculus lobbii,Lobb's aquatic buttercup,68424,49.5,-119.6,Vascular plants
Amelanchier nantucketensis,Nantucket Shadbush,158275,49.5,-119.6,Vascular plants
Crataegus atrovirens,Dark-green Hawthorn,1280106,49.5,-119.6,Vascular plants
Crataegus beata,Dunbar's Hawthorn,160978,49.5,-119.6,Vascular plants
Crataegus cupressocollina,Cypress Hills hawthorn,1280117,49.665556,-109.504444,Vascular plants
Crataegus florifera,,1284120,49.5,-119.6,Vascular plants
Crataegus jesupii,Jesup's hawthorn,161028,49.5,-119.6,Vascular plants
Crataegus nitidula,Ontario Hawthorn,161052,42.683333,-82.033333,Vascular plants
Crataegus phippsii,Phipps' Hawthorn,161067,49.5,-119.6,Vascular plants
Crataegus prona,Illinois Hawthorn,161073,49.5,-119.6,Vascular plants
Crataegus rivulopugnensis,Battle Creek Hawthorn,1280149,49.625833,-109.971389,Vascular plants
Crataegus rubribracteolata,Red Bracteole Hawthorn,1280151,53.1116,-113.833583,Vascular plants
Crataegus stolonifera,,,49.5,-119.6,Vascular plants
Crataegus tenuior,Slender red hawthorn,1280109,50.501,-119.104,Vascular plants
Crataegus ursopedensis,Bear's Paw Hawthorn,1280154,49.679517,-110.040283,Vascular plants
Potentilla multisecta,Featherleaf Cinquefoil,167363,49.2451,-114.07542,Vascular plants
Potentilla psychrophila,,,61.283333,-139.583333,Vascular plants
Potentilla subjuga,Colorado Cinquefoil,167383,49.5,-119.6,Vascular plants
Potentilla vahliana,Vahl's Cinquefoil,167388,70.4836,-70.609,Vascular plants
Rubus alaskensis,Alaska Blackberry,168008,49.5,-119.6,Vascular plants
Sedum villosum,Hairy Stonecrop,168753,49.5,-119.6,Vascular plants
Ribes watsonianum,Watson's Gooseberry,167921,49.5,-119.6,Vascular plants
Myriophyllum hippuroides,western water-milfoil,78155,49.34953,-122.61494,Vascular plants
Myriophyllum pinnatum,Cutleaf Water-milfoil,165606,49.5,-119.6,Vascular plants
Myriophyllum quitense,andean water-milfoil,78156,49.5,-119.6,Vascular plants
Proserpinaca intermedia,Intermediate Mermaidweed,156529,43.5948,-65.792,Vascular plants
Elmera racemosa,Elmera,128867,49.163983,-121.240133,Vascular plants
Micranthes gaspensis,Gaspé Saxifrage,357928,48.774167,-66.885,Vascular plants
Micranthes stellaris,Hairy Kidney-wort,357948,49.5,-119.6,Vascular plants
Micranthes tischii,Olympic Saxifrage,357946,49.5,-119.6,Vascular plants
Cuscuta epilinum,flax dodder,146802,47.625345,-69.682353,Vascular plants
Cuscuta indecora,pretty dodder,76547,49.5,-119.6,Vascular plants
Cuscuta pentagona,Five Angled Dodder,161280,45.419815,-72.554635,Vascular plants
Andreaea heinemannii,Heinemann's Andreaea Moss,158340,59.583893,-136.477027,Bryophytes
Andreaea mutabilis,Changeable Rock-moss,158342,49.5,-119.6,Bryophytes
Andreaea schofieldiana,Schofield's Rock Moss,158347,49.4,-123.0,Bryophytes
Andreaea sinuosa,,158348,53.2,-132.4,Bryophytes
Andreaeobryum macrosporum,Bigspore Arctic Granite Moss,155992,51.830556,-121.476667,Bryophytes
Archidium ohioense,,158568,49.5,-119.6,Bryophytes
Philonotis yezoana,,166675,49.5,-119.6,Bryophytes
Philonotis tomentella,,967856,49.735655,-125.349311,Bryophytes
Bryum oblongum,,159550,64.0,-111.2,Bryophytes
Gemmabryum demaretianum,,,45.587176,-78.373503,Bryophytes
Gemmabryum gemmiferum,,,49.5,-119.6,Bryophytes
Gemmabryum tenuisetum,,,47.066667,-70.8,Bryophytes
Ptychostomum acutiforme,,,70.18,-124.7,Bryophytes
Ptychostomum arcticum,,606726,49.5,-119.6,Bryophytes
Ptychostomum intermedium,,1123316,56.264,-121.219,Bryophytes
Ptychostomum knowltonii,Knowlton's Bryum,1124217,55.8375,-86.7163,Bryophytes
Ptychostomum marratii,,,61.4208,-72.09302,Bryophytes
Ptychostomum meesioides,,,49.5,-119.6,Bryophytes
Ptychostomum nitidulum,,,81.4,-76.916667,Bryophytes
Ptychostomum rutilans,,,47.016667,-51.966667,Bryophytes
Ptychostomum subneodamense,,,81.8,-71.016667,Bryophytes
Ptychostomum turbinatum,,1023999,56.17,-130.051,Bryophytes
Ptychostomum warneum,Sea Bryum,1126420,58.10394,-68.09772,Bryophytes
Rhodobryum roseum,Rose Moss,167809,49.5,-119.6,Bryophytes
Rosulabryum elegans,,,53.2573,-132.1871,Bryophytes
Rosulabryum flaccidum,,,47.3591,-69.9431,Bryophytes
Mielichhoferia mielichhoferiana,Mielichhofer's Copper Moss,165386,52.7,-118.933333,Bryophytes
Pohlia andrewsii,Andrew's Nodding Moss,167123,65.917,-107.903,Bryophytes
Pohlia beringiensis,Beringian Nodding Moss,167126,51.63,-120.09,Bryophytes
Pohlia bolanderi,,167127,57.054533,-122.868367,Bryophytes
Pohlia brevinervis,,167128,81.35,-76.5,Bryophytes
Pohlia camptotrachela,,167130,49.5,-119.6,Bryophytes
Pohlia cardotii,Cardot's Nodding Moss,167131,55.94,-129.99,Bryophytes
Pohlia columbica,,167132,52.9,-132.0,Bryophytes
Pohlia crudoides,Pipe Nodding Moss,167134,49.5,-119.6,Bryophytes
Pohlia erecta,Erect Nodding Moss,167137,49.7,-121.9,Bryophytes
Pohlia filum,,167138,50.12,-122.95,Bryophytes
Pohlia longicolla,Long-necked Nodding Moss,167141,49.5,-119.6,Bryophytes
Pohlia ludwigii,Ludwig's Thread-moss,167142,56.17,-130.051,Bryophytes
Pohlia obtusifolia,Bluntleaf Threadmoss,167143,62.42771,-77.03268,Bryophytes
Pohlia tundrae,Tundra Thread Moss,167149,49.9,-123.0,Bryophytes
Pohlia vexans,,167150,59.701,-133.357,Bryophytes
Cinclidium arcticum,Arctic Cinclidium Moss,160579,62.4118234,-77.9208149,Bryophytes
Cinclidium latifolium,Wideleaf Cinclidium Moss,160580,49.5,-119.6,Bryophytes
Plagiomnium curvatulum,,,49.5,-119.6,Bryophytes
Rhizomnium andrewsianum,,167804,64.0,-111.2,Bryophytes
Buxbaumia minakatae,Minakata's Hump-backed Elves Moss,159611,47.3683,-53.4478,Bryophytes
Haplomitrium hookeri,Hooker's Flapwort,157444,49.5,-119.6,Bryophytes
Bruchia flexuosa,bruchia moss,159488,49.5,-119.6,Bryophytes
Trematodon asanoi,Boas' Trematodon Moss,169904,49.547447,-125.633667,Bryophytes
Trematodon brevicollis,Short-necked Moss,169906,49.5,-119.6,Bryophytes
Trematodon laetevirens,,804279,49.5,-119.6,Bryophytes
Trematodon longicollis,,169907,49.5,-119.6,Bryophytes
Trematodon montanus,,169908,53.2,-132.4,Bryophytes
Arctoa anderssonii,Andersson's Arctic Moss,158574,58.44991,-70.73386,Bryophytes
Arctoa fulvella,Tawny Fork Moss,158575,49.64,-124.93,Bryophytes
Arctoa hyperborea,Northern Fork Moss,158576,49.5,-119.6,Bryophytes
Campylopus schimperi,Schimper's Swan-neck Moss,159796,47.405852,-71.904101,Bryophytes
Campylopus sinensis,,159799,53.97,-131.75,Bryophytes
Cynodontium gracilescens,Slender Dogtooth Moss,161408,58.7567,-94.1302,Bryophytes
Cynodontium polycarpon,,161410,47.405852,-71.904101,Bryophytes
Cynodontium strumulosum,,161413,57.00877,-69.28219,Bryophytes
Oreas martiana,,165918,49.5,-119.6,Bryophytes
Ceratodon heterophyllus,,1038571,59.25358,-69.73861,Bryophytes
Distichium hagenii,,161965,81.416667,-76.916667,Bryophytes
Ditrichum rhynchostegium,,161973,49.5,-119.6,Bryophytes
Ditrichum tortuloides,,,49.5,-119.6,Bryophytes
Pseudephemerum nitidum,Delicate Earth-moss,156493,49.2,-123.2,Bryophytes
Fissidens arcticus,,162996,49.5,-119.6,Bryophytes
Fissidens sublimbatus,,163023,49.5,-119.6,Bryophytes
Encalypta mutica,,162308,51.592,-119.744,Bryophytes
Encalypta spathulata,,162312,49.17,-123.94,Bryophytes
Funaria flavicans,funaria moss,163125,45.52,-77.0,Bryophytes
Funaria microstoma,,163127,49.5,-119.6,Bryophytes
Funaria polaris,,163129,69.183333,-104.7,Bryophytes
Physcomitrium collenchymatum,,166847,49.5,-119.6,Bryophytes
Bucklandiella brevipes,,1613219,49.652675,-125.212897,Bryophytes
Bucklandiella occidentalis,,1037535,49.341202,-122.831668,Bryophytes
Codriophorus ryszardii,,,49.669493,-123.138277,Bryophytes
Coscinodon arctolimnius,,160936,49.5,-119.6,Bryophytes
Coscinodon hartzii,,160939,62.9331011,-130.1517471,Bryophytes
Coscinodon yukonensis,,160940,49.5,-119.6,Bryophytes
Grimmia anomala,,123911,51.0,-55.0,Bryophytes
Grimmia atrata,Copper Grimmia,163377,59.01077,-69.71388,Bryophytes
Grimmia caespiticia,,446732,49.5,-119.6,Bryophytes
Grimmia crinitoleucophaea,Variegated Grimmia,163381,49.5,-119.6,Bryophytes
Grimmia elongata,,163384,59.016667,-63.433333,Bryophytes
Grimmia hartmanii,Hartman's Grimmia,163387,49.5,-119.6,Bryophytes
Grimmia incurva,Black Grimmia,163389,58.80069,-70.21094,Bryophytes
Grimmia mollis,Water Grimmia,163393,49.5,-119.6,Bryophytes
Grimmia olneyi,Olney's Dry Rock Moss,163395,45.33333,-73.95,Bryophytes
Jaffueliobryum wrightii,,164220,49.5,-119.6,Bryophytes
Niphotrichum pygmaeum,,1458471,49.5,-119.6,Bryophytes
Schistidium atrofuscum,Black Mountain Grimmia,453069,49.5,-119.6,Bryophytes
Schistidium flaccidum,,168571,49.5,-119.6,Bryophytes
Schistidium flexipile,Flexible Bloom Moss,168572,57.14772,-69.50065,Bryophytes
Schistidium grandirete,Large-celled Bloom Moss,168575,49.5,-119.6,Bryophytes
Schistidium pulchrum,,168582,48.32461,-68.84969,Bryophytes
Schistidium relictum,,963251,49.5,-119.6,Bryophytes
Schistidium robustum,Robust Bloom Moss,168585,57.58012,-69.97026,Bryophytes
Schistidium strictum,Upright Brown Grimmia,168586,49.28,-122.85,Bryophytes
Schistidium venetum,Bluish Bloom Moss,168591,49.05,-117.04,Bryophytes
Campylostelium saxicola,Rock-loving Swan-necked Moss,159805,46.9,-65.0,Bryophytes
Brachydontium olympicum,Olympic Brachydontium Moss,156319,49.6,-123.1,Bryophytes
Seligeria calcarea,Chalk Rock-bristle,168781,48.49338,-64.16791,Bryophytes
Seligeria oelandica,Irish Bristle Moss,168786,49.5,-119.6,Bryophytes
Seligeria pusilla,Dwarf Rock-bristle,168788,49.5,-119.6,Bryophytes
Seligeria tristichoides,,168791,49.5,-119.6,Bryophytes
Conardia compacta,Compact Feather-moss,160820,43.1494,-79.4431,Bryophytes
Drepanocladus arcticus,,1038570,49.5,-119.6,Bryophytes
Sanionia georgico-uncinata,South Georgia Islands Hook Moss,168419,49.5,-119.6,Bryophytes
Sanionia symmetrica,,,49.703715,-125.004238,Bryophytes
Brachytheciastrum fendleri,,,49.8,-119.8,Bryophytes
Brachytheciastrum leibergii,Leiberg's Ragged Moss,1367549,50.05,-123.1,Bryophytes
Brachytheciastrum trachypodium,,607134,49.5,-119.6,Bryophytes
Bryhnia hultenii,Hulten's Bryhnia Moss,159497,49.5,-119.6,Bryophytes
Sciuro-hypnum glaciale,Snow Feather Moss,1048582,54.7558,-66.7114,Bryophytes
Scleropodium californicum,,168686,49.5,-119.6,Bryophytes
Scleropodium occidentale,,361748,49.5,-119.6,Bryophytes
Calliergon megalophyllum,,159663,49.5,-119.6,Bryophytes
Calliergon orbicularicordatum,Round-leaved Spear Moss,159665,49.5,-119.6,Bryophytes
Hamatocaulis lapponicus,Lapland Hook-Moss,157504,53.92,-123.25,Bryophytes
Loeskypnum wickesiae,Wickes' Loeskypnum Moss,224093,49.5,-119.6,Bryophytes
Sarmentypnum pseudosarmentosum,,,49.5,-119.6,Bryophytes
Sarmentypnum trichophyllum,,1134018,59.483333,-137.8,Bryophytes
Fabronia ciliaris,,162928,49.5,-119.6,Bryophytes
Fabronia pusilla,Silver Hair Moss,162929,49.5,-119.6,Bryophytes
Echinophyllum sachalinense,,162200,52.6,-118.8,Bryophytes
Elodium blandowii,,,49.5,-119.6,Bryophytes
Elodium paludosum,,,49.5,-119.6,Bryophytes
Orthothecium acuminatum,,165936,49.5,-119.6,Bryophytes
Orthothecium intricatum,Fine-leaved Erect-capsule Moss,165939,57.82396,-70.20546,Bryophytes
Orthothecium strictum,Shiny Erect-capsule Moss,165941,58.90575,-70.03091,Bryophytes
Claopodium pellucinerve,,160664,49.5,-119.6,Bryophytes
Haplocladium virginianum,,274627,49.5,-119.6,Bryophytes
Leskea obscura,Blunt Leske's Moss,164563,42.9978,-79.7369,Bryophytes
Pseudoleskeella catenulata,Chained Leskea,485451,49.5,-119.6,Bryophytes
Myrinia pulvinata,Flood-moss,165600,49.5,-119.6,Bryophytes
Schwetschkeopsis fabronia,,168638,45.35,-72.516667,Bryophytes
Neomacounia nitida,Macoun's shining moss,165677,49.5,-119.6,Bryophytes
Plagiothecium berggrenianum,Berggren's Silk Moss,166991,49.5,-119.6,Bryophytes
Brotherella henonii,,159480,49.5,-119.6,Bryophytes
Hageniella micans,Sparkling Signal-moss,1021627,49.5,-119.6,Bryophytes
Anastrophyllum donnianum,Donn's Notchwort,976199,49.5,-119.6,Bryophytes
Anastrophyllum sphenoloboides,Wedge Notchwort,158333,49.5,-119.6,Bryophytes
Biantheridion undulifolium,Marsh Flapwort,1010886,49.5,-119.6,Bryophytes
Crossocalyx tenuis,Slender Notchwort,1006862,45.2,-81.6,Bryophytes
Isopaches decolorans,,858763,52.674853,-117.919658,Bryophytes
Neoorthocaulis hyperboreus,Northern Pawwort,1006857,49.5,-119.6,Bryophytes
Orthocaulis atlanticus,Atlantic Pawwort,1122425,55.327222,-66.159722,Bryophytes
Orthocaulis cavifolius,,1048440,49.5,-119.6,Bryophytes
Cephalozia lacinulata,Minute Pincerwort,160306,49.5,-119.6,Bryophytes
Cephalozia macounii,Macoun's Pincerwort,160309,49.25,-90.566667,Bryophytes
Fuscocephaloziopsis catenulata,Chain Pincerwort,976869,49.5,-119.6,Bryophytes
Fuscocephaloziopsis macrostachya,,1020175,49.5,-119.6,Bryophytes
Odontoschisma sphagni,bog-moss flapwort,165780,49.5,-119.6,Bryophytes
Cephaloziella grimsulana,Lake Grimsel Threadwort,160317,49.5,-119.6,Bryophytes
Cephaloziella massalongoi,,,49.5,-119.6,Bryophytes
Cephaloziella uncinata,Hooked Threadwort,160328,58.083858,-77.29015,Bryophytes
Protolophozia elongata,,1048052,51.833572,-116.65612,Bryophytes
Endogemma caespiticia,Carpet-like Flapwort,1020165,50.54706,-75.29248,Bryophytes
Gymnomitrion commutatum,,1417719,49.5,-119.6,Bryophytes
Gymnomitrion pacificum,,163460,56.22,-130.072,Bryophytes
Gymnomitrion revolutum,Revolute Rustwort,963226,57.61833,-65.48416,Bryophytes
Marsupella apiculata,Pointed Frostwort,1049043,49.5,-119.6,Bryophytes
Marsupella boeckii,Boeck's Rustwort,165168,58.08566,-64.67933,Bryophytes
Marsupella sprucei,Spruce's Rustwort,403717,56.2,-130.058,Bryophytes
Prasanthus suecicus,Swedish Frostwort,167404,62.39858,-77.45918,Bryophytes
Herbertus delavayi,,,53.6,-132.9,Bryophytes
Jungermannia borealis,Northern Flapwort,164294,49.5,-119.6,Bryophytes
Jungermannia polaris,Arctic Flapwort,164306,58.76775,-63.57394,Bryophytes
Bazzania flaccida,,1245375,50.794182,-128.035797,Bryophytes
Kurzia sylvatica,Wood Fingerwort,164378,49.5,-119.6,Bryophytes
Tritomaria laxa,,,49.5,-119.6,Bryophytes
Pseudolepicolea fryei,Frye's Alaskan Threadwort,167494,70.413203,-68.731462,Bryophytes
Diplophyllum andrewsii,,161954,49.5,-119.6,Bryophytes
Diplophyllum apiculatum,Sharp-pointed Earwort,161955,49.5,-119.6,Bryophytes
Douinia imbricata,,,50.394115,-126.385708,Bryophytes
Douinia plicata,,1449693,49.5,-119.6,Bryophytes
Lophoziopsis polaris,Arctic Notchwort,1047998,62.28625,-76.04259,Bryophytes
Lophoziopsis propagulifera,,1142841,49.5,-119.6,Bryophytes
Lophoziopsis rubrigemma,,1105081,49.5,-119.6,Bryophytes
Pseudotritomaria heterophylla,,,62.28625,-76.04259,Bryophytes
Scapania calcicola,,168495,49.5,-119.6,Bryophytes
Scapania carinthiaca,Carinthian Earwort,168496,44.53746,-72.716,Bryophytes
Scapania crassiretis,Knobby Earwort,168498,49.5,-119.6,Bryophytes
Scapania degenii,Degen's Earwort,168501,49.5,-119.6,Bryophytes
Scapania hians,,168504,49.5,-119.6,Bryophytes
Scapania hollandiae,,453083,59.4,-137.5,Bryophytes
Scapania kaurinii,Kaurin's Earwort,168508,49.5,-119.6,Bryophytes
Scapania ligulifolia,Strap-leaved Earwort,168509,49.5,-119.6,Bryophytes
Scapania lingulata,,168510,49.5,-119.6,Bryophytes
Scapania microdonta,,1406735,63.45,-130.383,Bryophytes
Scapania obcordata,Patch Earwort,168514,49.5,-119.6,Bryophytes
Scapania praetervisa,Ciliate Earwort,1544836,62.493,-77.30559,Bryophytes
Scapania pseudocalcicola,,1038580,50.3,-63.1,Bryophytes
Scapania serrulata,,168525,59.1,-63.883333,Bryophytes
Scapania simmonsii,Simmons' Earwort,168526,49.5,-119.6,Bryophytes
Scapania spitsbergensis,Spitsbergen Earwort,1048074,49.5,-119.6,Bryophytes
Schistochilopsis hyperarctica,Ellesmere Island Notchwort,1048385,49.5,-119.6,Bryophytes
Cryptocolea imbricata,Imbricated Liverwort,161232,59.9,-137.8,Bryophytes
Solenostoma crenuliforme,Scalloped Flapwort,1020120,49.5,-119.6,Bryophytes
Solenostoma schusterianum,,,49.5,-119.6,Bryophytes
Solenostoma sphaerocarpum,Round-fruited Flapwort,1132105,49.5,-119.6,Bryophytes
Orthotrichum alpestre,,165943,49.5,-119.6,Bryophytes
Orthotrichum elegans,,,58.619157,-93.829498,Bryophytes
Orthotrichum hallii,,165955,49.6,-119.7,Bryophytes
Orthotrichum pallens,Pale Bristle Moss,165962,55.0,-115.0,Bryophytes
Orthotrichum rivulare,River Bristle-moss,165969,50.57,-127.0,Bryophytes
Ulota curvifolia,,170061,49.19666,-66.22833,Bryophytes
Ulota drummondii,Drummond's Pincushion Moss,170062,49.5,-119.6,Bryophytes
Zygodon gracilis,Slender Yoke-moss,170455,49.5,-119.6,Bryophytes
Atrichum flavisetum,,986301,49.5,-119.6,Bryophytes
Lyellia aspera,,164978,80.7,-83.9,Bryophytes
Oligotrichum falcatum,Sickle-leaved Hair Moss,165832,49.5,-119.6,Bryophytes
Psilopilum laevigatum,Large Wolverine Moss,167512,49.5,-119.6,Bryophytes
Frullania brittoniae,Britton's Scalewort,163092,47.127222,-71.375556,Bryophytes
Frullania riparia,River Scalewort,163107,49.5,-119.6,Bryophytes
Frullania tamarisci,Tamarisk Scalewort,163110,43.916667,-65.899167,Bryophytes
Harpalejeunea molleri,Pointed Pouncewort,461319,49.5,-119.6,Bryophytes
Lejeunea alaskana,Alaska Pouncewort,164476,61.32,-124.8,Bryophytes
Radula prolifera,Arctic Scalewort,167708,49.5,-119.6,Bryophytes
Acaulon triquetrum,Triangular Pygmy-moss,157916,45.164,-66.041,Bryophytes
Anoectangium stracheyanum,,1521742,49.5,-119.6,Bryophytes
Barbula indica,,159172,49.5,-119.6,Bryophytes
Bryoerythrophyllum columbianum,Columbian Carpet Moss,159502,49.03,-119.45,Bryophytes
Crossidium aberrans,,161133,50.7,-120.4,Bryophytes
Didymodon acutus,Pointed Beard-moss,485511,62.2976,-75.77674,Bryophytes
Didymodon johansenii,,161879,49.5,-119.6,Bryophytes
Didymodon maschalogena,,1038572,54.253,-130.253,Bryophytes
Didymodon murrayae,,161883,49.5,-119.6,Bryophytes
Didymodon nigrescens,,161885,49.5,-119.6,Bryophytes
Didymodon perobtusus,,161886,49.5,-119.6,Bryophytes
Gyroweisia tenuis,Slender Stubble-moss,163481,49.5,-119.6,Bryophytes
Hilpertia velenovskyi,,157521,49.12,-123.19,Bryophytes
Molendoa sendtneriana,,165497,66.504,-107.603,Bryophytes
Pseudocrossidium obtusulum,,167480,49.5,-119.6,Bryophytes
Pterygoneurum lamellatum,Spiral Chalk Moss,167550,50.73,-120.43,Bryophytes
Syntrichia papillosissima,,461426,58.549969,-127.564903,Bryophytes
Tortella arctica,Arctic Twisted Moss,169798,49.5,-119.6,Bryophytes
Tortella rigens,,169803,49.5,-119.6,Bryophytes
Tortula amplexa,,169807,49.5,-119.6,Bryophytes
Tortula atrovirens,Rib-leaf Moss,169808,49.5,-119.6,Bryophytes
Tortula cernua,,818541,58.10394,-68.09772,Bryophytes
Tortula cuneifolia,Wedge-leaved Screw-moss,458890,49.5,-119.6,Bryophytes
Tortula laureri,,1038579,81.35,-76.5,Bryophytes
Tortula obtusifolia,,466647,49.02276,-119.608892,Bryophytes
Tortula protobryoides,Tall Pottia,505016,49.5,-119.6,Bryophytes
Tortula subulata,Awl-leaved Screw-moss,169831,49.5,-119.6,Bryophytes
Tortula systylia,Systylous Screw Moss,607135,58.35116,-69.61694,Bryophytes
Trichostomum brachydontium,Variable Crisp-moss,169941,49.5,-119.6,Bryophytes
Trichostomum spirale,,818549,45.0836,-74.1156,Bryophytes
Pseudoditrichum mirabile,Great Bear Lake Moss,156447,66.0,-118.0,Bryophytes
Scouleria marginata,Margined Streamside Moss,168695,49.5,-119.6,Bryophytes
Sphagnum andersonianum,Anderson's Sphagnum,169198,49.5,-119.6,Bryophytes
Sphagnum aongstroemii,Aongstroem's Peat Moss,169200,43.324906,-79.798921,Bryophytes
Sphagnum arcticum,Arctic Sphagnum,169201,49.5,-119.6,Bryophytes
Sphagnum atlanticum,,169202,47.783333,-55.591667,Bryophytes
Sphagnum bergianum,,458889,49.05,-56.083333,Bryophytes
Sphagnum brevifolium,,1463123,49.5,-119.6,Bryophytes
Sphagnum carolinianum,Carolina Sphagnum,169206,49.5,-119.6,Bryophytes
Sphagnum concinnum,,,49.5,-119.6,Bryophytes
Sphagnum junghuhnianum,Junghuhn's sphagnum,169215,55.583333,-132.916667,Bryophytes
Sphagnum mcqueenii,,169220,47.175,-55.313333,Bryophytes
Sphagnum mirum,,169222,60.050614,-76.666212,Bryophytes
Sphagnum molle,Blushing Peat Moss,120146,49.5,-119.6,Bryophytes
Sphagnum olafii,Olaf's Peat Moss,169224,60.666667,-70.166667,Bryophytes
Sphagnum perfoliatum,Glossy Peatmoss,452716,49.5,-119.6,Bryophytes
Sphagnum steerei,Steere's Peat Moss,169235,49.5,-119.6,Bryophytes
Sphagnum tescorum,,458745,60.0392648,-77.2803852,Bryophytes
Sphagnum trinitense,Trinity sphagnum,169237,43.60111,-65.5725,Bryophytes
Sphagnum tundrae,Tundra Peat Moss,169238,68.1662,-137.0,Bryophytes
Sphagnum venustum,,169239,49.5,-119.6,Bryophytes
Sphagnum viride,,,48.663333,-58.196667,Bryophytes
Sphagnum wilfii,Wilf's sphagnum,169241,49.5,-119.6,Bryophytes
Tayloria acuminata,Acuminate Trumpet Moss,169571,56.44,-129.56,Bryophytes
Tayloria froelichiana,,169572,49.5,-119.6,Bryophytes
Tayloria hornschuchii,,169573,59.6,-137.2,Bryophytes
Tayloria splachnoides,Splachnoid Trumpet Moss,169576,49.5,-119.6,Bryophytes
Voitia hyperborea,Northern Voit's Moss,170278,49.5,-119.6,Bryophytes
Voitia nivalis,,170279,49.5,-119.6,Bryophytes
Tetrodontium ovatum,,169647,47.459912,-71.925155,Bryophytes
Tetrodontium repandum,,169648,57.4255,-65.21566,Bryophytes
